﻿<?xml version="1.0" encoding="utf-8"?>
<Elements xmlns="http://schemas.microsoft.com/sharepoint/">
  <Module Name="Content">
    <File Path="Content\App.css" Url="Content/App.css" ReplaceContent="TRUE" />
    <File Path="Content\bootstrap.min.css.map" Url="Content/bootstrap.min.css.map" ReplaceContent="TRUE" />
    <File Path="Content\bootstrap.min.css" Url="Content/bootstrap.min.css" ReplaceContent="TRUE" />
    <File Path="Content\bootstrap.css.map" Url="Content/bootstrap.css.map" ReplaceContent="TRUE" />
    <File Path="Content\bootstrap.css" Url="Content/bootstrap.css" ReplaceContent="TRUE" />
    <File Path="Content\bootstrap-theme.min.css.map" Url="Content/bootstrap-theme.min.css.map" ReplaceContent="TRUE" />
    <File Path="Content\bootstrap-theme.min.css" Url="Content/bootstrap-theme.min.css" ReplaceContent="TRUE" />
    <File Path="Content\bootstrap-theme.css.map" Url="Content/bootstrap-theme.css.map" ReplaceContent="TRUE" />
    <File Path="Content\bootstrap-theme.css" Url="Content/bootstrap-theme.css" ReplaceContent="TRUE" />
  </Module>
</Elements>
