﻿<?xml version="1.0" encoding="utf-8"?>
<Elements xmlns="http://schemas.microsoft.com/sharepoint/">
  <Module Name="Scripts">
    <File Path="Scripts\App.js" Url="Scripts/App.js" ReplaceContent="TRUE" />
    <File Path="Scripts\jquery-1.9.1.min.map" Url="Scripts/jquery-1.9.1.min.map" ReplaceContent="TRUE" />
    <File Path="Scripts\jquery-1.9.1.min.js" Url="Scripts/jquery-1.9.1.min.js" ReplaceContent="TRUE" />
    <File Path="Scripts\jquery-1.9.1.js" Url="Scripts/jquery-1.9.1.js" ReplaceContent="TRUE" />
    <File Path="Scripts\jquery-1.9.1.intellisense.js" Url="Scripts/jquery-1.9.1.intellisense.js" ReplaceContent="TRUE" />
    <File Path="Scripts\moment.min.js" Url="Scripts/moment.min.js" ReplaceContent="TRUE" />
    <File Path="Scripts\moment.js" Url="Scripts/moment.js" ReplaceContent="TRUE" />
    <File Path="Scripts\moment-with-locales.min.js" Url="Scripts/moment-with-locales.min.js" ReplaceContent="TRUE" />
    <File Path="Scripts\moment-with-locales.js" Url="Scripts/moment-with-locales.js" ReplaceContent="TRUE" />
    <File Path="Scripts\bootstrap.min.js" Url="Scripts/bootstrap.min.js" ReplaceContent="TRUE" />
    <File Path="Scripts\bootstrap.js" Url="Scripts/bootstrap.js" ReplaceContent="TRUE" />
  </Module>
</Elements>
