﻿<?xml version="1.0" encoding="utf-8"?>
<Feature xmlns="http://schemas.microsoft.com/sharepoint/" Description="SharePoint Add-in Feature" Id="534cca49-d6bd-4de7-a671-87cbd5e2d76d" Scope="Web" Title="CompanyCalendarApp-Jahurul Feature1" Version="1.0.0.0">
  <ElementManifests>
    <ElementManifest Location="Pages\Elements.xml" />
    <ElementFile Location="Pages\Default.aspx" />
    <ElementFile Location="Pages\CompanyCalendarApp_Jahurul.aspx" />
    <ElementManifest Location="Scripts\Elements.xml" />
    <ElementFile Location="Scripts\App.js" />
    <ElementFile Location="Scripts\jquery-1.9.1.min.map" />
    <ElementFile Location="Scripts\jquery-1.9.1.min.js" />
    <ElementFile Location="Scripts\jquery-1.9.1.js" />
    <ElementFile Location="Scripts\jquery-1.9.1.intellisense.js" />
    <ElementFile Location="Scripts\moment.min.js" />
    <ElementFile Location="Scripts\moment.js" />
    <ElementFile Location="Scripts\moment-with-locales.min.js" />
    <ElementFile Location="Scripts\moment-with-locales.js" />
    <ElementFile Location="Scripts\bootstrap.min.js" />
    <ElementFile Location="Scripts\bootstrap.js" />
    <ElementManifest Location="Content\Elements.xml" />
    <ElementFile Location="Content\App.css" />
    <ElementFile Location="Content\bootstrap.min.css.map" />
    <ElementFile Location="Content\bootstrap.min.css" />
    <ElementFile Location="Content\bootstrap.css.map" />
    <ElementFile Location="Content\bootstrap.css" />
    <ElementFile Location="Content\bootstrap-theme.min.css.map" />
    <ElementFile Location="Content\bootstrap-theme.min.css" />
    <ElementFile Location="Content\bootstrap-theme.css.map" />
    <ElementFile Location="Content\bootstrap-theme.css" />
    <ElementManifest Location="Images\Elements.xml" />
    <ElementFile Location="Images\AppIcon.png" />
    <ElementFile Location="Images\jahurul.jpg" />
    <ElementFile Location="Images\rainbow.jpg" />
    <ElementManifest Location="Elements.xml" />
    <ElementFile Location="fonts\glyphicons-halflings-regular.woff2" />
    <ElementFile Location="fonts\glyphicons-halflings-regular.woff" />
    <ElementFile Location="fonts\glyphicons-halflings-regular.ttf" />
    <ElementFile Location="fonts\glyphicons-halflings-regular.svg" />
    <ElementFile Location="fonts\glyphicons-halflings-regular.eot" />
  </ElementManifests>
  <UpgradeActions>
    <VersionRange>
      <ApplyElementManifests>
        <ElementManifest Location="Pages\Elements.xml" />
        <ElementManifest Location="Scripts\Elements.xml" />
        <ElementManifest Location="Content\Elements.xml" />
        <ElementManifest Location="Images\Elements.xml" />
        <ElementManifest Location="Elements.xml" />
      </ApplyElementManifests>
    </VersionRange>
  </UpgradeActions>
</Feature>