﻿<?xml version="1.0" encoding="utf-8" ?>
<!--Created:cb85b80c-f585-40ff-8bfc-12ff4d0e34a9-->
<App xmlns="http://schemas.microsoft.com/sharepoint/2012/app/manifest"
     Name="CompanyCalendarApp-Jahurul"
     ProductID="{4567f03d-fc6e-435e-8143-0984dffcf1ae}"
     Version="1.0.0.0"
     SharePointMinVersion="16.0.0.0"
>
  <Properties>
    <Title>CompanyCalendarApp-Jahurul</Title>
    <StartPage>~appWebUrl/Pages/CompanyCalendarApp_Jahurul.aspx?{StandardTokens}</StartPage>
  </Properties>

  <AppPrincipal>
    <Internal />
  </AppPrincipal>
  <AppPermissionRequests>
    <AppPermissionRequest Scope="http://sharepoint/content/sitecollection" Right="Read" />
  </AppPermissionRequests>
</App>
